<?xml version="1.0" encoding="UTF-8" standalone="no"?>
<Bundle SchemaVersion="5.0" IgnorableNamespaces="b4 b5" xmlns="http://schemas.microsoft.com/appx/2013/bundle" xmlns:b4="http://schemas.microsoft.com/appx/2018/bundle" xmlns:b5="http://schemas.microsoft.com/appx/2019/bundle">
	<Identity Name="22768DJoker.Any-TorrentDownloader" Publisher="CN=4B7A5CC7-B5F7-4BBC-9567-03EF900B17EC" Version="1.1.8.0"/>
	<Packages>
		<Package Type="application" Version="1.1.8.0" Architecture="x64" FileName="Any-Torrent Downloader_1.1.8.0_x64.msix" Offset="597692" Size="11963764">
			<Resources>
				<Resource Language="EN-US"/>
				<Resource Scale="200"/>
			</Resources>
			<b4:Dependencies>
				<b4:TargetDeviceFamily Name="Windows.Universal" MinVersion="10.0.17763.0" MaxVersionTested="10.0.22621.0"/>
			</b4:Dependencies>
		</Package>
		<Package Type="resource" Version="1.1.8.0" ResourceId="split.language-zh-hans" FileName="Any-Torrent Downloader_1.1.8.0_language-zh-hans.msix" Offset="84" Size="17691">
			<Resources>
				<Resource Language="zh-cn"/>
			</Resources>
			<b4:Dependencies>
				<b4:TargetDeviceFamily Name="Windows.Universal" MinVersion="10.0.17763.0" MaxVersionTested="10.0.22621.0"/>
			</b4:Dependencies>
		</Package>
		<Package Type="resource" Version="1.1.8.0" ResourceId="split.scale-100" FileName="Any-Torrent Downloader_1.1.8.0_scale-100.msix" Offset="17876" Size="68298">
			<Resources>
				<Resource Scale="100"/>
			</Resources>
			<b4:Dependencies>
				<b4:TargetDeviceFamily Name="Windows.Universal" MinVersion="10.0.17763.0" MaxVersionTested="10.0.22621.0"/>
			</b4:Dependencies>
		</Package>
		<Package Type="resource" Version="1.1.8.0" ResourceId="split.scale-125" FileName="Any-Torrent Downloader_1.1.8.0_scale-125.msix" Offset="86275" Size="83358">
			<Resources>
				<Resource Scale="125"/>
			</Resources>
			<b4:Dependencies>
				<b4:TargetDeviceFamily Name="Windows.Universal" MinVersion="10.0.17763.0" MaxVersionTested="10.0.22621.0"/>
			</b4:Dependencies>
		</Package>
		<Package Type="resource" Version="1.1.8.0" ResourceId="split.scale-150" FileName="Any-Torrent Downloader_1.1.8.0_scale-150.msix" Offset="169734" Size="98998">
			<Resources>
				<Resource Scale="150"/>
			</Resources>
			<b4:Dependencies>
				<b4:TargetDeviceFamily Name="Windows.Universal" MinVersion="10.0.17763.0" MaxVersionTested="10.0.22621.0"/>
			</b4:Dependencies>
		</Package>
		<Package Type="resource" Version="1.1.8.0" ResourceId="split.scale-400" FileName="Any-Torrent Downloader_1.1.8.0_scale-400.msix" Offset="268833" Size="328764">
			<Resources>
				<Resource Scale="400"/>
			</Resources>
			<b4:Dependencies>
				<b4:TargetDeviceFamily Name="Windows.Universal" MinVersion="10.0.17763.0" MaxVersionTested="10.0.22621.0"/>
			</b4:Dependencies>
		</Package>
	</Packages>
</Bundle>
